region_cd,district_name,buld_gbn,floor_gbn,research_date,ratio_1b,ratio_1f,ratio_2f,ratio_3f,ratio_4f,ratio_5f,ratio_6f,ratio_11f,level_no_out
0000000,전체,1,0,201901,40.74686211,100.0,59.78305571,51.76816955,50.70945957,51.23892147,55.51500333,77.03330169,1
0100000,서울,1,1,201901,31.19719194,100.0,56.37907483,45.6121089,44.50602259,43.15876871,43.10422844,,1
0111113,광화문,1,0,201901,29.52323006,100.0,65.97399839,58.78887267,58.2643235,58.62924511,60.55338544,67.47447549,3
0111116,동대문,1,1,201901,37.45107299,100.0,65.82598419,58.48366742,57.83028398,56.60052866,60.94345622,,3
0111121,남대문,2,1,201901,21.69830085,100.0,32.4544392,24.05216282,22.9210793,19.89193428,15.88882317,,3
0111126,종로,1,1,201901,32.01711529,100.0,53.20561903,39.41340808,40.72179898,38.33347581,34.36291232,,3
0111Y19N001,시청,1,0,201901,35.62434229,100.0,53.42651705,55.9786852,51.34227293,47.92428084,43.99074,47.54583475,3
0114129,강남대로,2,1,201901,31.20231977,100.0,40.53589489,28.36960025,24.42360452,25.66973922,22.67259157,,3
0114131,도산대로,2,1,201901,49.04439185,100.0,60.92619075,53.6751003,50.44672211,52.07386261,49.74026532,,3
0114133,서초,2,1,201901,45.28912487,100.0,64.85920504,61.93330065,58.31724993,61.32231806,84.3226821,,3
0114N16,신사역,2,1,201901,31.2123133,100.0,39.14477389,30.66653551,27.53831857,25.64208717,21.23162612,,3
0117149,공덕역,1,0,201901,29.7790123,100.0,54.75061171,50.99724382,51.17519792,50.70301826,50.83067594,50.65223776,3
0117156,영등포,1,2,201901,16.74825652,100.0,70.14525032,72.37148078,72.6580748,72.60224803,70.92043681,69.11755778,3
0117N17,영등포신촌,2,1,201901,30.26342158,100.0,45.45182404,35.01912365,31.67061937,30.39143658,45.83126334,,2
0117N19,신촌,2,1,201901,29.56090687,100.0,45.57307064,38.46561342,35.94851664,30.47972633,52.92221595,,3
0117N21,홍대합정,2,1,201901,32.04582579,100.0,46.56443813,32.30195809,27.78028263,27.0113516,26.41969949,,3
0199000,기타,1,1,201901,31.64035868,100.0,52.34669731,40.28289401,38.83205335,36.55464807,35.70706747,,2
0199153,건대입구,2,1,201901,21.28118492,100.0,35.66982452,25.63722848,24.69606821,19.09514027,,,3
0199156,경희대,2,1,201901,25.81595206,100.0,41.4757524,31.8905689,24.66829305,22.30651813,,,3
0199159,목동,1,2,201901,25.69249575,100.0,64.40741142,59.40770475,55.49906036,51.57492474,55.48527329,57.20836711,3
0199166,성신여대,2,1,201901,33.66086902,100.0,43.41993996,36.25607417,33.71673978,35.1993633,23.05655282,,3
0199173,잠실,1,2,201901,12.95385693,100.0,43.9019533,40.31166269,34.74213319,34.42816564,33.63171755,29.89448716,3
0199176,장안동,1,2,201901,,100.0,65.89448546,63.95165051,63.95165051,65.89448546,62.03171098,59.58027186,3
0199191,혜화동,2,1,201901,32.40941164,100.0,42.53472699,32.29415955,26.54972332,19.82035837,15.16111729,,3
0199N22,불광역,2,1,201901,44.39998394,100.0,46.25361074,33.26600444,29.33211295,,,,3
0199N25,오류동역,2,1,201901,18.91040546,100.0,33.42506947,26.16369264,25.08306343,17.90329432,,,3
0200211,부산역,1,1,201901,31.63325616,100.0,54.71471482,54.23186808,55.76536069,54.36645831,50.29582827,,3
0200213,연산로터리,1,0,201901,25.72799383,100.0,70.40270404,51.47150156,41.81196699,42.88169183,39.81991288,26.62674468,3
0200216,서면,2,1,201901,18.57458299,100.0,36.33480367,27.11051118,23.11517112,25.96913082,37.94815371,,3
0200220,해운대,2,1,201901,20.15627861,100.0,41.07106991,30.78812466,28.90256968,29.22422105,22.10550389,,3
0200221,현대백화점주변,2,1,201901,29.65907006,100.0,42.36022477,33.77307261,31.44001565,32.01510313,31.90656349,,3
0200N27,남포동,2,1,201901,14.29067547,100.0,31.21978653,15.95822757,15.25251404,9.707762371,5.0429654,,3
0200Y19N005,남항동,2,1,201901,39.23883093,100.0,37.60842299,30.92699022,23.5598045,,,,3
0300000,대구,1,0,201901,31.09676575,100.0,54.37244542,47.6345738,38.04401303,39.43273538,40.35202803,48.18674728,1
0300311,동성로,1,0,201901,29.9825547,100.0,57.14023194,49.00694491,33.44972942,37.40581658,39.14258591,43.9745475,3
0300N14,수성범어,1,2,201901,29.93256837,100.0,64.23644051,44.83791349,40.70977173,41.00559904,42.76908598,42.22465857,3
0300N31,동대구,2,1,201901,29.42486322,100.0,44.26405834,42.43300799,43.63409538,43.64752555,54.37010411,,3
0300N32,들안길,2,1,201901,20.16515411,100.0,42.33892585,21.56323374,,,,,3
0400411,구월간석,1,0,201901,14.18013251,100.0,48.37875052,37.50357306,32.28652702,30.95083623,31.67221772,40.73259096,3
0400413,주안,1,0,201901,27.38809844,100.0,50.44373869,49.22909267,44.0826404,44.20225383,38.10198603,,3
0400N34,신포동,2,1,201901,28.98761624,100.0,48.88153861,34.20435598,26.48215813,26.35582859,38.37507502,,3
0500513,봉선동,2,1,201901,22.36363206,100.0,49.40247761,41.19755795,39.50617171,39.90293074,39.82348082,,3
0500N35,송정동지구,2,1,201901,19.57673426,100.0,39.80457791,18.85849716,,,,,3
0500N36,양산지구,2,1,201901,,100.0,48.58145099,37.43852414,36.69643139,,,,3
0500N38,첨단1지구,2,1,201901,22.83162081,100.0,44.15719921,28.75455814,22.72224417,23.95376566,15.97650466,,3
0600000,대전,1,2,201901,27.27289991,100.0,63.12956332,41.32973448,43.83810826,45.20386715,43.00964402,41.31481394,1
0600611,둔산,1,1,201901,27.37605682,100.0,43.2234104,34.84291997,34.74939998,34.69535733,32.53225063,,3
0600613,원도심,1,2,201901,20.78936442,100.0,55.82332203,38.71556901,35.78081725,41.58492354,45.28690664,43.09323022,3
0700714,전하동,2,1,201901,40.05620189,100.0,53.53407557,41.73265825,41.50553528,35.82911451,34.01021805,,3
0800816,모란,2,1,201901,29.97073782,100.0,41.59733006,27.34321317,23.95481857,21.75303451,23.38206928,,3
0800829,수원역,2,1,201901,33.95513568,100.0,44.9787085,32.66028594,25.7857922,13.00877982,13.10336184,,3
0800834,평촌범계,1,2,201901,,100.0,57.49549186,37.2062278,42.32608971,42.62059334,43.04700942,40.83135054,3
0800N44,성남구시가지,2,1,201901,30.33187895,100.0,40.65253835,33.52043067,26.0801518,24.61143354,,,3
0800N48,오산시청,2,1,201901,22.02863592,100.0,38.62828327,29.62538976,22.46813933,25.80676278,,,3
0800N50,이천종합터미널,2,1,201901,30.48616324,100.0,46.41917197,36.48808228,38.19882597,35.49556458,,,3
0800N51,탄현역,2,1,201901,,100.0,38.33725846,27.99413083,23.37457885,21.96374107,17.03666996,,3
0800N54,평택역,2,1,201901,8.939282469,100.0,33.91001579,30.19267896,9.128344417,,,,3
0800Y19N008,포천시외버스터미널,2,1,201901,39.76227187,100.0,52.2946618,52.86898381,30.09507326,,,,3
0900812,원주,2,1,201901,19.80094481,100.0,32.90975795,23.13135396,18.85314933,20.99239593,22.86597834,,3
0900813,춘천,2,1,201901,31.22367897,100.0,33.71340256,24.92212419,28.91773609,31.93694826,27.16115835,,3
0900N59,태백중앙시장,2,1,201901,38.08661457,100.0,60.09337021,53.04375875,37.93330352,,,,3
1000000,충북,1,1,201901,23.72417783,100.0,52.30696026,41.67741823,40.99564851,37.92724188,38.51157324,,1
1000971,청주,2,1,201901,17.77901388,100.0,37.69682945,20.335003,12.72331278,14.28273185,,,3
1000972,충주,2,1,201901,36.9937077,100.0,43.34261348,36.19005639,35.25932249,36.83029735,31.87399334,,3
1000N60,제천역,2,1,201901,21.41892447,100.0,61.90773441,54.94814782,,,,,3
1000N62,충북대학교,2,1,201901,36.27047605,100.0,45.23958235,27.1863342,25.49788787,23.52321581,15.255749,,3
1100000,충남,1,1,201901,18.35300045,100.0,54.35658186,46.13996708,44.50650428,44.24000082,48.26782646,,1
1100N64,강경젓갈시장,2,1,201901,,100.0,56.33974637,,,,,,3
1100N65,논산시외버스터미널,2,1,201901,20.93814302,100.0,43.70249336,29.04740944,23.74836027,,,,3
1100N68,보령,2,1,201901,22.41333544,100.0,38.58285783,35.45960831,30.47337793,24.39855031,25.49525988,,3
1100N69,아산온양,2,1,201901,26.82022125,100.0,44.10008361,36.71925647,25.15351851,27.3901947,29.56875689,,3
1100N70,천안역,2,1,201901,34.77110038,100.0,48.48407021,37.59523503,32.77653447,42.36934821,,,3
1100N71,천안종합버스터미널,2,1,201901,30.07371641,100.0,56.29070162,40.32572418,39.3957103,69.72111459,,,3
1100N72,태안,2,1,201901,15.15690862,100.0,65.09048315,47.42610096,37.25056262,43.21888481,35.08217318,,3
1100Y19N011,공주웅진동,2,1,201901,25.85361201,100.0,46.4414795,30.89015638,28.14469959,48.26949922,,,3
1114116,논현역,3,1,201901,26.33370773,100.0,42.74972627,37.33783594,34.14920828,39.18491634,44.66311891,,3
1114N111,압구정,4,1,201901,40.71675235,100.0,73.81381998,,,,,,3
1114N112,청담,4,1,201901,27.34441321,100.0,44.73884424,,,,,,3
1114N113,테헤란로,4,1,201901,53.12406504,100.0,65.83457192,,,,,,3
1117N200,여의도,3,1,201901,14.23201888,100.0,38.62384022,32.08258914,23.08709743,22.46463061,32.12895824,,3
1199115,노원역,3,1,201901,28.52189771,100.0,35.58390145,28.3642055,22.64079883,30.72520977,29.4402214,,3
1199121,명일역,3,1,201901,17.68613533,100.0,26.7900601,20.91462509,26.47558972,17.15467984,22.38897627,,3
1199N124,사당,4,1,201901,17.21625686,100.0,64.18165122,,,,,,3
1199N129,왕십리,4,1,201901,46.91910544,100.0,60.73702285,,,,,,3
1199N133,천호,4,1,201901,15.10966354,100.0,56.99768644,,,,,,3
1199N203,수유,3,1,201901,15.70612076,100.0,34.78265969,23.99058601,22.62606668,18.37150062,8.18859546,,3
1200000,전북,1,1,201901,27.22637762,100.0,52.6342117,43.66809167,42.01397077,40.11007909,36.66250492,,1
1300000,전남,1,2,201901,,100.0,55.52676851,47.31355045,37.11450691,48.4173122,35.80372047,29.02616517,1
1300892,목포,2,1,201901,31.52769029,100.0,45.11545034,39.10390035,32.48590826,32.96814739,31.0830227,,3
1300N77,광양읍,2,1,201901,22.77107957,100.0,64.88785971,35.2500656,25.13979801,,,,3
1300N79,나주구시가지,2,1,201901,14.6908546,100.0,32.26316201,23.40808694,17.86996406,,,,3
1300N81,순천법원,2,1,201901,,100.0,54.92300095,43.9070637,41.279509,43.33003583,,,3
1300N82,여수여문,2,1,201901,36.82515782,100.0,42.50854806,36.22272186,31.22729491,28.92371838,37.20913242,,3
1300N83,여수원도심,2,1,201901,18.78822846,100.0,40.1664335,22.84190037,21.05488384,16.77112614,19.44737962,,3
1300N84,여수학동,2,1,201901,20.42881724,100.0,38.24766652,34.47717507,22.21943701,17.88848367,,,3
1400000,경북,1,2,201901,18.71245024,100.0,64.72525718,48.20838151,48.93718098,51.49819233,55.87456288,55.10420542,1
1400872,안동,2,1,201901,41.34414683,100.0,40.31500245,31.45768865,26.5708989,45.36026731,23.958224,,3
1400N87,경주,2,1,201901,18.58463525,100.0,51.60234898,25.64126188,19.90181121,,,,3
1400N88,구미산업단지,2,1,201901,,100.0,32.10001618,20.73446139,23.00143617,,,,3
1400N90,영주,2,1,201901,,100.0,39.96886627,37.24764521,,,,,3
1400N91,옥동사거리,2,1,201901,32.56115123,100.0,40.01300088,35.91258687,37.70091591,35.60925041,,,3
1400Y19N014,구미선주원남동,2,1,201901,,100.0,53.49380631,33.1181823,41.88947935,64.41074856,,,3
1500854,진주중앙시장,2,1,201901,18.85967632,100.0,38.15792137,26.64449546,22.19115329,18.16404424,17.93258813,,3
1500N92,거제옥포,2,1,201901,22.43735348,100.0,44.442882,37.27930335,,,,,3
1500N93,마산동서동,2,1,201901,16.33076977,100.0,36.15104683,23.04506627,18.20771339,,,,3
1500N95,진해,2,1,201901,10.28285599,100.0,36.43497019,28.34532639,,,,,3
1500N98,창원월영동,2,1,201901,14.51296493,100.0,40.23777122,26.40088921,22.47601893,24.86506902,,,3
1500Y19N016,통영 강구안,2,1,201901,,100.0,35.16648976,28.09731688,22.20532157,,,,3
1600931,제주,2,1,201901,34.93351842,100.0,48.46868141,40.60583657,39.75972197,47.56922162,54.30663366,,3
2600102,사상역,4,1,201901,,100.0,49.29310864,,,,,,3
2600112,광안리,3,1,201901,30.70001325,100.0,43.48631552,47.19143582,47.86619979,52.92711275,48.86961687,,3
2600119,온천장,3,1,201901,25.00466888,100.0,48.20603688,49.64255628,50.94893934,53.56170546,41.99015516,,3
2600123,화명역,3,1,201901,17.51940372,100.0,27.05771475,25.00653441,19.50081169,17.89264517,16.21234083,,3
2700103,상인월배,4,1,201901,,100.0,40.81535594,,,,,,3
2700105,죽전,4,1,201901,,100.0,33.29925388,,,,,,3
2700115,시지지구,3,1,201901,27.32041933,100.0,38.37040479,33.27535801,23.65321371,25.07201236,19.84358336,,3
2700N148,칠곡,4,1,201901,,100.0,27.49317352,,,,,,3
2800000,인천,3,1,201901,25.94285738,100.0,33.13913491,28.86007817,25.75114544,24.24117674,23.3950198,,1
2900101,금남로/충장로,4,1,201901,,100.0,38.77937058,,,,,,3
2900106,월산동지구,4,1,201901,,100.0,36.12148994,,,,,,3
2900113,상무지구,3,1,201901,24.15348931,100.0,38.64308693,31.97002389,31.81406692,29.70922449,29.6219603,,3
2900114,수완지구,3,1,201901,,100.0,38.99422654,32.52303479,28.73411847,21.88658639,22.68941484,,3
2900N150,금호지구,4,1,201901,,100.0,,,,,,,3
2900N152,전남대,4,1,201901,28.81118183,100.0,45.36165802,,,,,,3
3000113,동춘당공원,3,1,201901,15.81103462,100.0,36.59022926,28.86501397,25.89095092,21.2959494,24.65766278,,3
3100102,성남옥교동,4,1,201901,,100.0,50.93062423,,,,,,3
3100113,신정동,3,1,201901,18.14969917,100.0,54.16827031,45.49968187,42.73228977,57.82681449,52.33255705,,3
3100115,울산북구,3,1,201901,21.0789053,100.0,37.95735534,36.14458894,24.92048453,,,,3
3600N211,세종정부청사,3,1,201901,,100.0,40.39102796,28.38516192,24.25235255,24.28451794,23.23555778,,3
3600Y19N006,조치원,2,1,201901,26.94161598,100.0,53.23915779,48.74949278,48.93924056,,,,3
4100114,동백지구,3,1,201901,,100.0,26.63743588,22.02605677,19.97445468,19.34653859,18.54764838,,3
4100115,동탄센트럴파크,3,1,201901,,100.0,31.22583513,20.13313468,18.27332501,24.31469729,19.25117727,,3
4100118,부천역,3,1,201901,20.216386,100.0,34.98845072,20.65730747,20.30305979,16.46018009,16.28341521,,3
4100119,산본역,3,1,201901,7.148886052,100.0,32.49161505,20.0538338,18.58399289,17.92718796,14.93903135,,3
4100125,시흥시립도서관,3,1,201901,,100.0,32.86566929,25.13580798,21.47262583,19.81367975,,,3
4100135,의정부역,3,1,201901,,100.0,37.62468249,37.84479136,24.85576329,25.18310554,25.40632463,,3
4100140,죽전카페거리,3,1,201901,11.03215365,100.0,26.61875999,20.44464575,18.29729893,17.61851032,17.09737806,,3
4100N157,고양시청,4,1,201901,,100.0,38.12391174,,,,,,3
4100N158,광명,4,1,201901,,100.0,37.07946064,,,,,,3
4100N160,병점역,4,1,201901,,100.0,43.08893586,,,,,,3
4100N163,용인수지,4,1,201901,,100.0,,,,,,,3
4100N166,파주시청,4,1,201901,,100.0,54.13721766,,,,,,3
4100N167,팔달문로터리,4,1,201901,11.32734512,100.0,36.0482486,,,,,,3
4100N214,분당,3,1,201901,15.76643952,100.0,30.05716561,25.85644863,24.82565267,23.51911496,19.89904928,,3
4100N216,선부다이아몬드,3,1,201901,,100.0,39.61900377,33.06773963,28.56915213,24.43499769,22.88813971,,3
4100N218,안성시장,3,1,201901,,100.0,38.2557109,28.38410134,34.61990833,34.06667608,21.7759439,,3
4200111,강릉,3,1,201901,19.31887492,100.0,46.16845043,45.99857338,44.16375413,40.5364293,60.18419633,,3
4200116,영월경찰서,3,1,201901,18.01839426,100.0,46.43311196,31.12771304,,,,,3
4200N169,삼척중앙시장,4,1,201901,30.89861937,100.0,56.13002381,,,,,,3
4200N221,동해천곡,3,1,201901,17.32101786,100.0,34.80710078,25.25223176,23.87580228,23.65950648,15.49122996,,3
4200Y19N023,주문진항,4,1,201901,,100.0,59.69668563,,,,,,3
4300105,충주자유시장,4,1,201901,,100.0,45.89382722,,,,,,3
4300113,용담동우체국,3,1,201901,33.53903037,100.0,40.84117845,29.95361064,27.67869352,25.08248399,24.61214889,,3
4300115,청주고속버스터미널,3,1,201901,,100.0,40.58364208,33.29444329,31.79373385,26.29635254,31.77028614,,3
4300N173,제천중앙,4,1,201901,,100.0,43.98932292,,,,,,3
4400112,금산인삼국제시장,3,1,201901,21.64090238,100.0,27.71025377,32.13725805,,,,,3
4400N175,당진시청,4,1,201901,42.28943105,100.0,49.6306304,,,,,,3
4400N178,서산,4,1,201901,,100.0,59.10350375,,,,,,3
4400N227,두정,3,1,201901,26.13946336,100.0,39.94057908,37.99522125,32.62168238,32.88754566,32.07447933,,3
4400N228,백석,3,1,201901,27.92408825,100.0,51.53387013,49.38318775,48.38490339,38.24523867,43.63264207,,3
4500101,군산,4,1,201901,,100.0,35.41396938,,,,,,3
4500105,전주,4,1,201901,,100.0,60.0974481,,,,,,3
4500114,전주서부신시가지,3,1,201901,,100.0,37.15825822,28.54397588,27.16257938,23.57212393,25.83772382,,3
4600106,순천,4,1,201901,,100.0,38.53131267,,,,,,3
4600N232,광양중동,3,1,201901,,100.0,55.31845687,,,,,,3
4600N234,조례,3,1,201901,,100.0,42.41744592,16.00990446,19.83779903,,,,3
4700104,문경,4,1,201901,,100.0,40.21983742,,,,,,3
4700111,구미,3,1,201901,21.08973581,100.0,28.43098144,20.6127777,20.07709763,17.72838465,28.85590243,,3
4700Y19N026,가흥택지개발지구,4,1,201901,,100.0,,,,,,,3
4700Y19N028,상주동문동,4,1,201901,,100.0,36.75217376,,,,,,3
4800101,거제,4,1,201901,,100.0,42.89196936,,,,,,3
4800103,김해,4,1,201901,,100.0,46.02011649,,,,,,3
4800121,창원시청,3,1,201901,16.74254847,100.0,51.58185446,39.01960554,36.44816616,36.5416986,36.35767722,,3
4800125,창원역,3,1,201901,41.85830603,100.0,47.28381009,37.35592823,33.87878169,33.9268881,34.0752699,,3
4800N196,창원의창구청,4,1,201901,,100.0,44.35877336,,,,,,3
4800N242,마산역버스터미널,3,1,201901,21.87058147,100.0,49.09277879,36.91733445,35.8106369,33.21303671,32.75111851,,3
4800N243,창원명곡동,3,1,201901,23.20979892,100.0,38.7569646,26.94540269,22.55951625,20.47835797,18.12011981,,3
4800N246,활천동,3,1,201901,,100.0,48.39466243,,,,,,3
5000101,노형오거리,4,1,201901,,100.0,63.28027429,,,,,,3
0114Y20N002,남부터미널,2,1,202001,41.66465541,100.0,63.57346374,58.66151631,54.61216595,51.87010857,70.64570892,,3
0114Y20N004,망원역,2,1,202001,38.278982,100.0,48.8470983,45.78191919,50.82611938,51.87902343,45.58423717,,3
0199Y20N005,가락시장,2,1,202001,26.27019072,100.0,40.15152488,30.83871387,27.55991209,32.49026985,45.53327264,,3
0199Y20N006,구로디지털공단역,2,1,202001,24.64251032,100.0,39.51610652,27.60252599,22.52864007,22.53963137,,,3
0199Y20N007,노량진,2,1,202001,31.19007724,100.0,51.10963607,37.24083511,32.83894749,31.37263473,39.10719548,,3
0199Y20N008,뚝섬,2,1,202001,28.14340024,100.0,46.14761152,39.57302722,40.6284699,43.50218207,45.95526979,,3
0199Y20N009,상계역,2,1,202001,25.71792062,100.0,43.25829948,35.7654549,34.79604134,42.81361678,,,3
0199Y20N011,잠실새내역,2,1,202001,28.33310233,100.0,50.49743649,43.85818523,45.07739454,45.92223708,61.59325129,,3
0200Y20N012,부전시장,2,1,202001,20.21893516,100.0,41.87478796,31.81603562,30.57662951,42.71038438,53.92153377,,3
0400Y20N018,간석오거리,2,1,202001,22.76147395,100.0,37.89155261,28.57920162,31.77339478,33.13840427,24.63504946,,3
0600Y20N021,용문/한민시장,2,1,202001,24.02758538,100.0,43.02947409,37.50133371,34.35185015,,,,3
0800Y20N023,구리역,2,1,202001,34.90695056,100.0,45.78884354,39.7744119,36.25594628,35.96654076,,,3
0800Y20N024,김량장동,2,1,202001,20.02713897,100.0,38.8109576,27.02249239,26.78659656,22.90371416,,,3
0800Y20N025,동두천중앙로,2,1,202001,15.48985052,100.0,38.80040068,22.28608856,12.57853505,,,,3
1199Y20N040,숙명여대,4,1,202001,,100.0,52.14858899,,,,,,3
1400Y20N028,영일대해수욕장,2,1,202001,,100.0,46.35668021,34.09325897,41.588886,,,,3
2700Y20N045,경북대북문,4,1,202001,,100.0,37.23108887,,,,,,3
2700Y20N047,동성로중심,4,1,202001,,100.0,34.1881495,,,,,,3
2800Y20N049,구월,4,1,202001,,100.0,55.55460827,,,,,,3
3100Y20N052,울산대,4,1,202001,,100.0,33.56188779,,,,,,3
4500Y20N056,전주동부,4,1,202001,57.27290594,100.0,43.99581447,,,,,,3
5000Y20N059,광양사거리,4,1,202001,24.16049437,100.0,61.73641726,,,,,,3
0114133N131,교대역,1,0,202101,33.30336885,100.0,65.86748043,61.2547818,60.19881015,58.98076147,61.91693926,76.59417693,3
0114139N139,양재말죽거리,2,1,202101,26.44110948,100.0,51.8448155,47.90088279,48.08945089,45.15611103,45.06898177,,3
0117149N149,당산역,1,0,202101,31.55956154,100.0,49.80003869,43.08803619,40.79714518,42.56386302,40.46160136,32.67003065,3
0199N24N010,연신내,2,1,202101,35.19975278,100.0,46.49426216,32.65101467,26.50820799,27.03114723,,,3
0300316N316,월촌/안지랑,2,1,202101,20.29644026,100.0,40.80615443,31.43689884,22.39499768,26.1854077,,,3
0700713N713,울산농소,2,1,202101,,100.0,52.09875744,45.37590948,36.87380561,32.43180862,,,3
0900812N812,원주터미널,2,1,202101,,100.0,48.71576737,40.9541486,,,,,3
0900N55N002,묵호항,2,1,202101,22.41778255,100.0,42.79275518,32.21673219,43.80198133,,,,3
1000000N061,봉명사거리,2,1,202101,34.06673936,100.0,75.68293601,61.39362171,,,,,3
1100N69N069,예산시장,2,1,202101,33.05140516,100.0,38.14358286,42.86302671,,,,,3
1199129N127,신림역,3,1,202101,30.37782864,100.0,29.66074618,24.41416201,18.7622181,18.83689788,11.9630534,,3
1199Y20N045,독산/시흥,4,1,202101,,100.0,48.78898664,,,,,,3
1300N81N081,순천원도심,2,1,202101,20.55635832,100.0,45.06446458,32.77963979,23.11251135,26.28983683,18.09540154,,3
1400872N872,양덕동,2,1,202101,,100.0,49.64063398,37.53335404,47.25000418,,,,3
2600119N119,정관신도시,3,1,202101,54.11328155,100.0,45.21689147,32.9645496,23.84680639,19.97624163,15.72921515,,3
2600Y20N047,사직야구장,4,1,202101,,100.0,37.38839328,,,,,,3
2700111N011,대구혁신도시,3,1,202101,,100.0,30.81217581,28.35602635,28.90910941,28.55472037,,,3
2700113N113,서문시장/청라언덕,3,1,202101,28.41372701,100.0,32.38139994,31.30098375,30.5044058,25.72519421,15.68378226,,3
2700115N115,이시아폴리스,3,1,202101,,100.0,35.49398305,30.05334012,26.26249872,23.32341458,24.14497928,,3
2700117N117,현풍테크노폴리스,3,1,202101,,100.0,34.047554,34.15860305,27.59287881,25.76342099,24.61676601,,3
2800N207N207,영종,3,1,202101,,100.0,37.24034852,28.30865893,26.16319441,24.69317986,22.63865586,,3
3000000N001,가수원,3,1,202101,,100.0,43.52253793,37.14436229,33.49140475,28.43443348,36.05474649,,3
3600N210,나성한솔동,3,1,202101,,100.0,42.84043076,28.67356235,26.74193499,22.47516381,17.04754922,,3
4100112N112,광교중앙역,3,1,202101,96.76616592,100.0,62.99283152,48.20919915,48.31425288,46.09416844,,,3
4100113N004,남양주별내,3,1,202101,111.8513989,100.0,29.97814405,25.51130965,23.57047593,21.36464215,18.22451894,,3
4100114N114,동탄2신도시,3,1,202101,,100.0,38.98205585,28.87348386,24.94201815,24.44599754,22.3246691,,3
4100120N121,상현역,3,1,202101,,100.0,39.86780985,35.97009253,32.97954822,29.58955438,26.83441927,,3
4100N213N011,미사지구,3,1,202101,19.31134052,100.0,32.95206078,26.14832806,24.26885542,25.21532719,24.69234135,,3
4100N221,행신역,3,1,202101,17.72798449,100.0,40.43890971,32.98262804,33.40503146,32.76056161,32.39137754,,3
4200116N116,원주무실지구,3,1,202101,,100.0,38.23263001,30.73045713,26.1741783,25.13168306,22.85542278,,3
4200117N117,원주혁신도시,3,1,202101,,100.0,47.31450438,40.0670007,42.1237223,41.80898558,42.60263867,,3
4500112N112,전북혁신도시,3,1,202101,,100.0,40.02793776,37.37897076,31.92313982,32.03302977,22.04332016,,3
4700000N471,경북김천혁신도시,3,1,202101,,100.0,63.5001565,62.76189306,62.03614394,37.51139975,,,3
4700000N472,경북도청신도시,3,1,202101,,100.0,41.17392901,39.82279289,31.79977646,30.99046843,27.44251915,,3
4800128N128,진주혁신도시,3,1,202101,,100.0,41.44859775,36.32291662,34.80631561,33.50803773,,,3
0114131N132,방배역/내방역,2,1,202201,34.682375853214324,100.0,55.181167615922114,49.87443295303998,49.15008750732049,51.43052818431519,78.66385622904144,,3
0114Y20N006,학동/강남구청역,2,1,202201,37.58436019547438,100.0,52.39654465289261,43.42160627653315,44.67501900990042,43.47478467149165,,,3
0199Y20N013,구의역,2,1,202201,24.30442462900052,100.0,38.32139544390542,34.10408243988291,37.92443690275916,36.88132666443001,,,3
0199Y20N014,상봉역,2,1,202201,31.2831580523556,100.0,47.57295063121719,41.280983548310864,31.85675504580028,39.91045135566434,72.52672251359624,,3
0200Y19N006,구서동/금정구청,2,1,202201,18.39818790526885,100.0,52.31959069738294,27.19874522876256,24.733734120209675,23.442960652430976,28.22409491415495,,3
0800Y20N028,신천역,2,1,202201,24.06715748241041,100.0,47.63715341546138,43.19086398254228,39.41728176687269,44.34631365291095,,,3
1200N74N075,송천동,2,1,202201,40.99979792460202,100.0,44.58642452616145,36.3391288724662,35.525696606505434,,,,3
1200N74N076,영등부송,2,1,202201,14.098805134793697,100.0,37.31594253523228,25.25090473081991,29.96977380105119,,,,3
0111000,도심,1,1,201901,28.42561363,100.0,48.73119344,39.10267074,36.97017818,35.09926008,33.84060916,,2
0111119,명동,1,2,201901,10.75355939,100.0,31.85015354,25.75437105,27.66819528,27.40651013,25.01289504,24.89697089,3
0111Y19N002,을지로,1,1,201901,,,,,,,,,3
0114000,강남,1,0,201901,33.10346953,100.0,63.93432253,50.53831132,49.35878631,48.56616736,49.99374017,55.69420258,2
0117000,여의도마포,1,2,201901,43.88089869,100.0,65.61730219,63.54988985,61.14032457,61.99479959,60.97432148,66.72360065,2
0199179,이태원,2,1,201901,36.72503328,100.0,48.26934322,40.88721052,41.9641499,33.17656072,59.66269524,,3
0199186,화곡,1,0,201901,29.49723995,100.0,41.38601861,46.41474511,42.62843553,44.86977213,38.87284248,,3
0199189,청량리,2,1,201901,16.40571048,100.0,38.68871175,30.63745263,25.47879403,24.48133356,24.03585987,,3
0199N23,서울대입구역,2,1,201901,21.99214648,100.0,39.50364891,32.51742638,30.51684988,28.26166912,25.86280121,,3
0200000,부산,1,0,201901,26.68864991,100.0,62.2464049,42.39962298,38.19659115,38.38488914,36.81487844,38.13948489,1
0200214,부산대학앞,2,1,201901,17.63710774,100.0,35.90927177,23.56820746,23.00299598,21.14811457,27.3163013,,3
0200N28,덕천역,2,1,201901,24.04009916,100.0,36.03803864,37.47497194,45.98277531,37.06391675,40.79402166,,3
0200N30,하단역,2,1,201901,26.18996876,100.0,48.35355786,46.02540419,40.50174706,34.38534708,18.87907338,,3
0500000,광주,1,0,201901,30.55927684,100.0,53.0370942,54.47944712,50.03219454,48.47813785,52.89647344,61.03998737,1
0600612,서대전네거리,1,1,201901,31.58213121,100.0,59.93049919,47.66387315,44.97109682,43.09054328,46.9199746,,3
0600616,유성온천역,2,1,201901,29.37348553,100.0,41.53373979,34.56951321,29.03750116,24.42797949,21.33970925,,3
0700000,울산,1,2,201901,54.10005965,100.0,64.29030103,52.49681784,47.90455131,37.19279062,42.2524922,50.30704062,1
0700711,삼산동,1,1,201901,13.60634224,100.0,49.99437524,46.23353962,43.00468099,41.66008369,42.15335028,,3
0800000,경기,1,2,201901,37.45549542,100.0,58.05532434,52.51586048,54.93827163,54.30883347,54.45729047,50.45229458,1
0800831,인계동,2,1,201901,27.02423041,100.0,48.60329853,41.09316928,40.32555007,36.64853357,32.40567976,,3
0800833,일산동구,1,2,201901,,,,,,,,,3
0800N42,광주시가지,2,1,201901,29.7779022,100.0,63.567789,35.18407488,36.13753653,30.85215909,30.41423241,,3
0800N45,신장/지산/서정,2,1,201901,32.09640962,100.0,53.31127433,41.08016316,37.22019654,44.2090118,,,3
0800N47,안양역,2,1,201901,25.63264116,100.0,39.36478379,26.82866342,23.68671248,22.24933039,22.00892819,,3
0800Y19N007,여주군청,2,1,201901,47.53732799,100.0,56.46541972,46.19363799,50.27200614,,,,3
0800Y19N009,하남원도심,2,1,201901,19.13575125,100.0,38.51976264,33.24551948,,,,,3
0900000,강원,1,0,201901,27.6107742,100.0,54.22146434,49.65038242,48.00893991,45.69107385,45.88753339,,1
0900N55,강릉교동,2,1,201901,28.68208091,100.0,50.10773139,34.82661307,38.46152257,36.1711954,35.20363217,,3
0900N57,속초중앙시장,2,1,201901,19.50295685,100.0,29.88480479,24.35479842,26.31042773,,,,3
1100Y19N012,합덕버스터미널,2,1,201901,27.21261279,100.0,43.94003026,22.49669041,,,,,3
1114148,한티역,3,1,201901,10.52463826,100.0,43.65688637,43.48481073,,,,,3
1200912,익산역,2,1,201901,25.48380704,100.0,37.5697988,28.72760808,24.73928455,15.67986555,,,3
1200N73,김제,2,1,201901,,100.0,47.33820188,33.89454442,,,,,3
1200N74,남원,2,1,201901,21.03185922,100.0,39.20476516,35.82763022,,,,,3
1200N76,정읍,2,1,201901,15.75754909,100.0,41.92324997,32.57263879,15.61833935,,,,3
1300N80,무선지구,2,1,201901,31.68163073,100.0,52.96089385,41.49671139,,,,,3
1300N86,하당신도심,2,1,201901,17.65051993,100.0,46.97318384,31.77925031,22.47401707,41.63460631,31.49315106,,3
1400873,포항,2,1,201901,20.22955089,100.0,38.47139409,26.98924274,31.30794907,40.82595645,58.15398835,,3
1500000,경남,1,2,201901,20.59379081,100.0,50.72229605,44.28270359,42.4941464,43.35065708,42.02314096,41.97627301,1
1500853,양산,2,1,201901,,100.0,38.61658252,29.27537762,18.25838085,18.24262282,,,3
1600N102,서귀포도심,2,1,201901,43.34835555,100.0,49.74439104,37.86926747,21.63899678,,,,3
2600114,민락공원,3,1,201901,15.62247642,100.0,48.98107492,44.08233506,41.99398358,43.37151047,39.95428252,,3
2800114,송도,3,1,201901,45.16301098,100.0,33.4816991,27.14901909,20.68343513,23.46853445,21.86625174,,3
2800115,인천논현역,3,1,201901,,100.0,27.00866348,22.53264572,18.69507363,17.28726019,16.19129968,,3
2900117,첨단2지구,3,1,201901,,100.0,39.14551332,32.8584704,31.5573655,24.80560614,23.90376256,,3
3000112,대전동구청,3,1,201901,,100.0,26.96267405,21.9353653,17.4378541,19.43739536,18.61461205,,3
3000115,목원대,3,1,201901,,100.0,44.68719758,36.81917506,38.2006197,37.73650577,40.54669989,,3
3600000,세종,3,1,201901,,100.0,44.09608007,31.64259397,26.29944114,30.02441836,30.88952294,,1
4100113,금릉역,3,1,201901,,100.0,37.89571486,28.57559493,26.95967119,26.10431446,27.20215107,,3
4100120,상중동,3,1,201901,20.34293099,100.0,35.10957575,28.32675411,19.64356668,17.85625823,16.31721357,,3
4100122,송내역,3,1,201901,17.08136393,100.0,43.01707475,29.66032578,26.26640305,22.99224607,20.05264729,,3
4100128,안산중앙역,3,1,201901,19.25608234,100.0,32.61623208,25.54487807,24.60053014,24.8747739,20.99563523,,3
4100130,야탑역,3,1,201901,19.75389852,100.0,41.0109872,25.11591915,21.55241141,20.90994653,20.49461199,,3
4100131,역곡역,3,1,201901,,100.0,52.25018352,37.27420901,30.7121252,30.35193259,34.27919048,,3
4100146,화정역,3,1,201901,7.743701999,100.0,21.50866898,15.43241957,14.44524733,13.13999167,13.98908532,,3
4100N212,고잔신도시,3,1,201901,,100.0,41.39711099,30.15485853,26.02204745,22.41803192,20.22978416,,3
4100N215,상록수역,3,1,201901,23.3940172,100.0,41.89748205,30.99021138,22.50136162,18.07947071,20.26054212,,3
4100N219,월피다이아몬드,3,1,201901,25.10439665,100.0,44.57248454,23.89577863,22.21957956,20.78176814,,,3
4100N220,한대앞역,3,1,201901,26.68145866,100.0,27.69527666,21.78419029,18.35308596,20.23457845,18.56937816,,3
4300112,오창호수공원,3,1,201901,50.53903658,100.0,42.3156023,45.57871278,43.18246111,41.78372951,35.30751941,,3
4300116,청주지방법원,3,1,201901,,100.0,38.92199043,28.04295367,19.03183717,19.41418978,17.72580645,,3
4400119,천안시청,3,1,201901,,100.0,36.35775268,28.59956871,25.87569998,25.94178743,26.35293501,,3
4600118,전남도청,3,1,201901,,100.0,45.74855273,27.54642392,22.14942627,22.39174253,25.8085102,,3
4800117,김해시 내외동,3,1,201901,,100.0,18.6998769,14.62766769,11.58665965,11.1414882,10.29161712,,3
4800119,양산역,3,1,201901,20.28911835,100.0,37.71863172,30.88490134,24.80999403,24.93363439,27.8743684,,3
4800N239,김해수리공원,3,1,201901,,100.0,23.49222837,19.63525548,17.54528164,15.16415942,15.56363935,,3
4800N240,김해장유,3,1,201901,,100.0,27.8962039,22.98068463,20.97221935,22.05579245,22.84348774,,3
0199Y20N012,잠실송파,2,1,202001,28.12271217,100.0,38.70160936,33.67285707,35.68708803,35.36577127,40.16741646,,3
0200Y20N013,서면전포,2,1,202001,21.31205293,100.0,34.23260728,24.9872364,21.8418157,21.17817942,23.04839776,,3
0200Y20N014,송정해수욕장,2,1,202001,,100.0,57.15976124,48.3812376,59.08483653,51.85745603,38.11663963,,3
0300Y20N016,동성로외곽,2,1,202001,19.26064006,100.0,45.75446223,36.44825264,32.84172301,45.73731815,,,3
0500Y20N020,용봉동,2,1,202001,28.21092137,100.0,46.77354742,45.4134637,57.58998564,,,,3
1200Y20N027,전주서부,2,1,202001,23.45466679,100.0,43.49389549,37.7761046,33.91730796,33.60586483,32.88780444,,3
1600Y20N030,중앙사거리,2,1,202001,25.18981624,100.0,49.32528264,40.72392131,43.79908302,44.14311493,51.32555835,,3
0114131N131,서래마을,2,1,202101,38.5635544,100.0,46.18591521,43.97836005,40.35631725,36.98105348,35.77543061,,3
0114139N138,양재역,2,1,202101,30.18060088,100.0,50.4636262,45.94231149,48.53619083,41.47934964,33.51518564,,3
0114Y20N005,동교/연남,2,1,202101,49.31977695,100.0,57.80015205,46.7624133,43.42415768,33.88120472,,,3
0199161N161,미아사거리,2,1,202101,23.53567293,100.0,43.13732045,32.70437772,28.27931104,21.55816362,15.76821563,,3
0200212,서면/전포,1,1,202101,32.4796306,100.0,50.35628698,40.20521564,33.48573488,32.67414367,18.36098041,,3
0200Y20N015,수영역,2,1,202101,20.40323477,100.0,46.70530432,28.66711762,24.45011475,19.07398102,,,3
0300N32N032,삼덕/대봉,2,1,202101,21.08729352,100.0,46.48617557,35.55615893,29.92975719,38.21457716,,,3
0400413N413,석남/가정중앙시장,2,1,202101,26.25696862,100.0,43.65727581,38.5119549,36.75838602,45.23230743,26.16053477,,3
0400N34N034,인하대앞,2,1,202101,27.36358854,100.0,46.05904801,29.98086525,27.55558654,,,,3
0800831N831,인덕원,2,1,202101,33.2612388,100.0,41.52304859,39.38278668,33.64788956,27.16394391,,,3
1100N64N064,공주대,2,1,202101,20.82797142,100.0,49.38901208,46.71481138,58.11465061,40.46418037,34.04707697,,3
2600113N113,명지국제도시,3,1,202101,,100.0,35.2726105,27.81769316,26.34207828,25.86955433,25.32888245,,3
2800116N116,청라국제도시,3,1,202101,87.28314803,100.0,39.13393522,31.28599514,27.90987619,25.87227446,29.93064058,,3
4100113N001,김포한강구래,3,1,202101,,100.0,33.59503466,27.19353676,21.75258876,22.24630193,18.83971487,,3
4100113N002,김포한강장기,3,1,202101,,100.0,34.90875298,27.90883792,25.25189093,21.75066659,20.56512588,,3
4100113N003,남양주다산,3,1,202101,22.3024048,100.0,34.53683902,27.74766055,25.86149472,24.66633727,,,3
4100120N122,서판교,3,1,202101,,100.0,46.76821515,37.49412367,36.47331674,35.17730895,32.84925029,,3
4100142N141,파주운정신도시,3,1,202101,,100.0,34.06470986,24.92577227,22.06339138,20.73870454,17.31604352,,3
4100N213N012,배곧신도시,3,1,202101,,100.0,48.18963553,34.35032391,35.62325226,34.11659132,30.02056231,,3
4100N213N013,범계학원가,3,1,202101,23.5981707,100.0,50.50229966,43.16101283,49.35729772,50.23395748,44.93622481,,3
4100N219N211,위례신도시,3,1,202101,49.59369287,100.0,37.34404865,32.71659126,31.71267325,31.19295112,30.00783735,,3
4100N219N212,의정부민락,3,1,202101,,100.0,34.25562805,27.1216045,23.09311365,24.53441005,25.36690405,,3
4300116N116,충북혁신도시,3,1,202101,,100.0,30.5040383,23.06056185,23.61639127,29.73661279,,,3
4600N232N232,광주전남혁신도시,3,1,202101,,100.0,34.00515789,29.14722192,25.60136701,25.11875115,22.38314687,,3
4800118N118,물금지구,3,1,202101,,100.0,35.79448445,32.52031078,27.81393454,27.81685048,49.61468124,,3
0800Y20N026,기흥역,2,1,202201,20.4940814331067,100.0,46.061977820892,31.3363465196309,42.7843663962726,18.994619289196,,,3
0800Y20N027,단대오거리역,2,1,202201,24.322385338405237,100.0,41.529219594175984,35.72035191749854,29.89925614013439,32.16898859697193,45.41611074398425,,3
0800Y20N029,아주대삼거리,2,1,202201,24.293137550602943,100.0,43.748190501250114,32.16583979617547,30.45602465646859,24.52876991896849,19.283162050951805,,3
0800Y20N030,영통역,2,1,202201,25.02696176087864,100.0,42.39536501356218,32.9179851712635,33.1197158974681,29.002348224668456,,,3
1100N67N067,증평광장로,2,1,202201,27.69928783239038,100.0,54.82607196184599,37.87496850703748,68.05860699465221,,,,3
1200N74N074,배방읍,2,1,202201,36.28113163031069,100.0,53.863191403196375,45.12611345909029,39.59535882707967,46.84114194770514,,,3
1500N94N094,밀양원도심/삼문동,2,1,202201,33.4757706649256,100.0,57.8386887116445,39.0385479133275,31.8999927468116,,,,3
1500Y19N017,평거동,2,1,202201,,100.0,30.885712826267785,18.6891512975585,25.69024107079936,27.14407975429608,,,3
